<?xml version="1.0" encoding="UTF-8"?>
<simplicite xmlns:xsi="http://www.w3.org/2001/XMLSchema-instance" xmlns="http://www.simplicite.fr/base" xsi:schemaLocation="http://www.simplicite.fr/base https://www.simplicite.io/resources/schemas/base.xsd">
<object>
	<name>ISOLanguage</name>
	<action>upsert</action>
	<data>
		<isoLngName>Afar</isoLngName>
		<isoLngCode>aa</isoLngCode>
		<isoLngCode3>aar</isoLngCode3>
		<isoLngCode3T>aar</isoLngCode3T>
		<isoLngCode3B>aar</isoLngCode3B>
	</data>
	<data>
		<isoLngName>Abkhazian</isoLngName>
		<isoLngCode>ab</isoLngCode>
		<isoLngCode3>abk</isoLngCode3>
		<isoLngCode3T>abk</isoLngCode3T>
		<isoLngCode3B>abk</isoLngCode3B>
	</data>
	<data>
		<isoLngName>Avestan</isoLngName>
		<isoLngCode>ae</isoLngCode>
		<isoLngCode3>ave</isoLngCode3>
		<isoLngCode3T>ave</isoLngCode3T>
		<isoLngCode3B>ave</isoLngCode3B>
	</data>
	<data>
		<isoLngName>Afrikaans</isoLngName>
		<isoLngCode>af</isoLngCode>
		<isoLngCode3>afr</isoLngCode3>
		<isoLngCode3T>afr</isoLngCode3T>
		<isoLngCode3B>afr</isoLngCode3B>
	</data>
	<data>
		<isoLngName>Akan</isoLngName>
		<isoLngCode>ak</isoLngCode>
		<isoLngCode3>aka</isoLngCode3>
		<isoLngCode3T>aka</isoLngCode3T>
		<isoLngCode3B>aka</isoLngCode3B>
	</data>
	<data>
		<isoLngName>Amharic</isoLngName>
		<isoLngCode>am</isoLngCode>
		<isoLngCode3>amh</isoLngCode3>
		<isoLngCode3T>amh</isoLngCode3T>
		<isoLngCode3B>amh</isoLngCode3B>
	</data>
	<data>
		<isoLngName>Aragonese</isoLngName>
		<isoLngCode>an</isoLngCode>
		<isoLngCode3>arg</isoLngCode3>
		<isoLngCode3T>arg</isoLngCode3T>
		<isoLngCode3B>arg</isoLngCode3B>
	</data>
	<data>
		<isoLngName>Arabic</isoLngName>
		<isoLngCode>ar</isoLngCode>
		<isoLngCode3>ara</isoLngCode3>
		<isoLngCode3T>ara</isoLngCode3T>
		<isoLngCode3B>ara</isoLngCode3B>
	</data>
	<data>
		<isoLngName>Assamese</isoLngName>
		<isoLngCode>as</isoLngCode>
		<isoLngCode3>asm</isoLngCode3>
		<isoLngCode3T>asm</isoLngCode3T>
		<isoLngCode3B>asm</isoLngCode3B>
	</data>
	<data>
		<isoLngName>Avaric</isoLngName>
		<isoLngCode>av</isoLngCode>
		<isoLngCode3>ava</isoLngCode3>
		<isoLngCode3T>ava</isoLngCode3T>
		<isoLngCode3B>ava</isoLngCode3B>
	</data>
	<data>
		<isoLngName>Aymara</isoLngName>
		<isoLngCode>ay</isoLngCode>
		<isoLngCode3>aym</isoLngCode3>
		<isoLngCode3T>aym</isoLngCode3T>
		<isoLngCode3B>aym</isoLngCode3B>
	</data>
	<data>
		<isoLngName>Azerbaijani</isoLngName>
		<isoLngCode>az</isoLngCode>
		<isoLngCode3>aze</isoLngCode3>
		<isoLngCode3T>aze</isoLngCode3T>
		<isoLngCode3B>aze</isoLngCode3B>
	</data>
	<data>
		<isoLngName>Bashkir</isoLngName>
		<isoLngCode>ba</isoLngCode>
		<isoLngCode3>bak</isoLngCode3>
		<isoLngCode3T>bak</isoLngCode3T>
		<isoLngCode3B>bak</isoLngCode3B>
	</data>
	<data>
		<isoLngName>Belarusian</isoLngName>
		<isoLngCode>be</isoLngCode>
		<isoLngCode3>bel</isoLngCode3>
		<isoLngCode3T>bel</isoLngCode3T>
		<isoLngCode3B>bel</isoLngCode3B>
	</data>
	<data>
		<isoLngName>Bulgarian</isoLngName>
		<isoLngCode>bg</isoLngCode>
		<isoLngCode3>bul</isoLngCode3>
		<isoLngCode3T>bul</isoLngCode3T>
		<isoLngCode3B>bul</isoLngCode3B>
	</data>
	<data>
		<isoLngName>Bislama</isoLngName>
		<isoLngCode>bi</isoLngCode>
		<isoLngCode3>bis</isoLngCode3>
		<isoLngCode3T>bis</isoLngCode3T>
		<isoLngCode3B>bis</isoLngCode3B>
	</data>
	<data>
		<isoLngName>Bambara</isoLngName>
		<isoLngCode>bm</isoLngCode>
		<isoLngCode3>bam</isoLngCode3>
		<isoLngCode3T>bam</isoLngCode3T>
		<isoLngCode3B>bam</isoLngCode3B>
	</data>
	<data>
		<isoLngName>Bengali</isoLngName>
		<isoLngCode>bn</isoLngCode>
		<isoLngCode3>ben</isoLngCode3>
		<isoLngCode3T>ben</isoLngCode3T>
		<isoLngCode3B>ben</isoLngCode3B>
	</data>
	<data>
		<isoLngName>Tibetan</isoLngName>
		<isoLngCode>bo</isoLngCode>
		<isoLngCode3>bod</isoLngCode3>
		<isoLngCode3T>bod</isoLngCode3T>
		<isoLngCode3B>tib</isoLngCode3B>
	</data>
	<data>
		<isoLngName>Breton</isoLngName>
		<isoLngCode>br</isoLngCode>
		<isoLngCode3>bre</isoLngCode3>
		<isoLngCode3T>bre</isoLngCode3T>
		<isoLngCode3B>bre</isoLngCode3B>
	</data>
	<data>
		<isoLngName>Bosnian</isoLngName>
		<isoLngCode>bs</isoLngCode>
		<isoLngCode3>bos</isoLngCode3>
		<isoLngCode3T>bos</isoLngCode3T>
		<isoLngCode3B>bos</isoLngCode3B>
	</data>
	<data>
		<isoLngName>Catalan, valencian</isoLngName>
		<isoLngCode>ca</isoLngCode>
		<isoLngCode3>cat</isoLngCode3>
		<isoLngCode3T>cat</isoLngCode3T>
		<isoLngCode3B>cat</isoLngCode3B>
	</data>
	<data>
		<isoLngName>Chechen</isoLngName>
		<isoLngCode>ce</isoLngCode>
		<isoLngCode3>che</isoLngCode3>
		<isoLngCode3T>che</isoLngCode3T>
		<isoLngCode3B>che</isoLngCode3B>
	</data>
	<data>
		<isoLngName>Chamorro</isoLngName>
		<isoLngCode>ch</isoLngCode>
		<isoLngCode3>cha</isoLngCode3>
		<isoLngCode3T>cha</isoLngCode3T>
		<isoLngCode3B>cha</isoLngCode3B>
	</data>
	<data>
		<isoLngName>Corsican</isoLngName>
		<isoLngCode>co</isoLngCode>
		<isoLngCode3>cos</isoLngCode3>
		<isoLngCode3T>cos</isoLngCode3T>
		<isoLngCode3B>cos</isoLngCode3B>
	</data>
	<data>
		<isoLngName>Cree</isoLngName>
		<isoLngCode>cr</isoLngCode>
		<isoLngCode3>cre</isoLngCode3>
		<isoLngCode3T>cre</isoLngCode3T>
		<isoLngCode3B>cre</isoLngCode3B>
	</data>
	<data>
		<isoLngName>Czech</isoLngName>
		<isoLngCode>cs</isoLngCode>
		<isoLngCode3>ces</isoLngCode3>
		<isoLngCode3T>ces</isoLngCode3T>
		<isoLngCode3B>cze</isoLngCode3B>
	</data>
	<data>
		<isoLngName>Church slavic, old slavonic, church slavonic, old bulgarian, old church slavonic</isoLngName>
		<isoLngCode>cu</isoLngCode>
		<isoLngCode3>chu</isoLngCode3>
		<isoLngCode3T>chu</isoLngCode3T>
		<isoLngCode3B>chu</isoLngCode3B>
	</data>
	<data>
		<isoLngName>Chuvash</isoLngName>
		<isoLngCode>cv</isoLngCode>
		<isoLngCode3>chv</isoLngCode3>
		<isoLngCode3T>chv</isoLngCode3T>
		<isoLngCode3B>chv</isoLngCode3B>
	</data>
	<data>
		<isoLngName>Welsh</isoLngName>
		<isoLngCode>cy</isoLngCode>
		<isoLngCode3>cym</isoLngCode3>
		<isoLngCode3T>cym</isoLngCode3T>
		<isoLngCode3B>wel</isoLngCode3B>
	</data>
	<data>
		<isoLngName>Danish</isoLngName>
		<isoLngCode>da</isoLngCode>
		<isoLngCode3>dan</isoLngCode3>
		<isoLngCode3T>dan</isoLngCode3T>
		<isoLngCode3B>dan</isoLngCode3B>
	</data>
	<data>
		<isoLngName>German</isoLngName>
		<isoLngCode>de</isoLngCode>
		<isoLngCode3>deu</isoLngCode3>
		<isoLngCode3T>deu</isoLngCode3T>
		<isoLngCode3B>ger</isoLngCode3B>
	</data>
	<data>
		<isoLngName>Divehi, dhivehi, maldivian</isoLngName>
		<isoLngCode>dv</isoLngCode>
		<isoLngCode3>div</isoLngCode3>
		<isoLngCode3T>div</isoLngCode3T>
		<isoLngCode3B>div</isoLngCode3B>
	</data>
	<data>
		<isoLngName>Dzongkha</isoLngName>
		<isoLngCode>dz</isoLngCode>
		<isoLngCode3>dzo</isoLngCode3>
		<isoLngCode3T>dzo</isoLngCode3T>
		<isoLngCode3B>dzo</isoLngCode3B>
	</data>
	<data>
		<isoLngName>Ewe</isoLngName>
		<isoLngCode>ee</isoLngCode>
		<isoLngCode3>ewe</isoLngCode3>
		<isoLngCode3T>ewe</isoLngCode3T>
		<isoLngCode3B>ewe</isoLngCode3B>
	</data>
	<data>
		<isoLngName>Greek, modern (1453–)</isoLngName>
		<isoLngCode>el</isoLngCode>
		<isoLngCode3>ell</isoLngCode3>
		<isoLngCode3T>ell</isoLngCode3T>
		<isoLngCode3B>gre</isoLngCode3B>
	</data>
	<data>
		<isoLngName>English</isoLngName>
		<isoLngCode>en</isoLngCode>
		<isoLngCode3>eng</isoLngCode3>
		<isoLngCode3T>eng</isoLngCode3T>
		<isoLngCode3B>eng</isoLngCode3B>
	</data>
	<data>
		<isoLngName>Esperanto</isoLngName>
		<isoLngCode>eo</isoLngCode>
		<isoLngCode3>epo</isoLngCode3>
		<isoLngCode3T>epo</isoLngCode3T>
		<isoLngCode3B>epo</isoLngCode3B>
	</data>
	<data>
		<isoLngName>Spanish, castilian</isoLngName>
		<isoLngCode>es</isoLngCode>
		<isoLngCode3>spa</isoLngCode3>
		<isoLngCode3T>spa</isoLngCode3T>
		<isoLngCode3B>spa</isoLngCode3B>
	</data>
	<data>
		<isoLngName>Estonian</isoLngName>
		<isoLngCode>et</isoLngCode>
		<isoLngCode3>est</isoLngCode3>
		<isoLngCode3T>est</isoLngCode3T>
		<isoLngCode3B>est</isoLngCode3B>
	</data>
	<data>
		<isoLngName>Basque</isoLngName>
		<isoLngCode>eu</isoLngCode>
		<isoLngCode3>eus</isoLngCode3>
		<isoLngCode3T>eus</isoLngCode3T>
		<isoLngCode3B>baq</isoLngCode3B>
	</data>
	<data>
		<isoLngName>Persian</isoLngName>
		<isoLngCode>fa</isoLngCode>
		<isoLngCode3>fas</isoLngCode3>
		<isoLngCode3T>fas</isoLngCode3T>
		<isoLngCode3B>per</isoLngCode3B>
	</data>
	<data>
		<isoLngName>Fulah</isoLngName>
		<isoLngCode>ff</isoLngCode>
		<isoLngCode3>ful</isoLngCode3>
		<isoLngCode3T>ful</isoLngCode3T>
		<isoLngCode3B>ful</isoLngCode3B>
	</data>
	<data>
		<isoLngName>Finnish</isoLngName>
		<isoLngCode>fi</isoLngCode>
		<isoLngCode3>fin</isoLngCode3>
		<isoLngCode3T>fin</isoLngCode3T>
		<isoLngCode3B>fin</isoLngCode3B>
	</data>
	<data>
		<isoLngName>Fijian</isoLngName>
		<isoLngCode>fj</isoLngCode>
		<isoLngCode3>fij</isoLngCode3>
		<isoLngCode3T>fij</isoLngCode3T>
		<isoLngCode3B>fij</isoLngCode3B>
	</data>
	<data>
		<isoLngName>Faroese</isoLngName>
		<isoLngCode>fo</isoLngCode>
		<isoLngCode3>fao</isoLngCode3>
		<isoLngCode3T>fao</isoLngCode3T>
		<isoLngCode3B>fao</isoLngCode3B>
	</data>
	<data>
		<isoLngName>French</isoLngName>
		<isoLngCode>fr</isoLngCode>
		<isoLngCode3>fra</isoLngCode3>
		<isoLngCode3T>fra</isoLngCode3T>
		<isoLngCode3B>fre</isoLngCode3B>
	</data>
	<data>
		<isoLngName>Western frisian</isoLngName>
		<isoLngCode>fy</isoLngCode>
		<isoLngCode3>fry</isoLngCode3>
		<isoLngCode3T>fry</isoLngCode3T>
		<isoLngCode3B>fry</isoLngCode3B>
	</data>
	<data>
		<isoLngName>Irish</isoLngName>
		<isoLngCode>ga</isoLngCode>
		<isoLngCode3>gle</isoLngCode3>
		<isoLngCode3T>gle</isoLngCode3T>
		<isoLngCode3B>gle</isoLngCode3B>
	</data>
	<data>
		<isoLngName>Gaelic, scottish gaelic</isoLngName>
		<isoLngCode>gd</isoLngCode>
		<isoLngCode3>gla</isoLngCode3>
		<isoLngCode3T>gla</isoLngCode3T>
		<isoLngCode3B>gla</isoLngCode3B>
	</data>
	<data>
		<isoLngName>Galician</isoLngName>
		<isoLngCode>gl</isoLngCode>
		<isoLngCode3>glg</isoLngCode3>
		<isoLngCode3T>glg</isoLngCode3T>
		<isoLngCode3B>glg</isoLngCode3B>
	</data>
	<data>
		<isoLngName>Guarani</isoLngName>
		<isoLngCode>gn</isoLngCode>
		<isoLngCode3>grn</isoLngCode3>
		<isoLngCode3T>grn</isoLngCode3T>
		<isoLngCode3B>grn</isoLngCode3B>
	</data>
	<data>
		<isoLngName>Gujarati</isoLngName>
		<isoLngCode>gu</isoLngCode>
		<isoLngCode3>guj</isoLngCode3>
		<isoLngCode3T>guj</isoLngCode3T>
		<isoLngCode3B>guj</isoLngCode3B>
	</data>
	<data>
		<isoLngName>Manx</isoLngName>
		<isoLngCode>gv</isoLngCode>
		<isoLngCode3>glv</isoLngCode3>
		<isoLngCode3T>glv</isoLngCode3T>
		<isoLngCode3B>glv</isoLngCode3B>
	</data>
	<data>
		<isoLngName>Hausa</isoLngName>
		<isoLngCode>ha</isoLngCode>
		<isoLngCode3>hau</isoLngCode3>
		<isoLngCode3T>hau</isoLngCode3T>
		<isoLngCode3B>hau</isoLngCode3B>
	</data>
	<data>
		<isoLngName>Hebrew</isoLngName>
		<isoLngCode>he</isoLngCode>
		<isoLngCode3>heb</isoLngCode3>
		<isoLngCode3T>heb</isoLngCode3T>
		<isoLngCode3B>heb</isoLngCode3B>
	</data>
	<data>
		<isoLngName>Hindi</isoLngName>
		<isoLngCode>hi</isoLngCode>
		<isoLngCode3>hin</isoLngCode3>
		<isoLngCode3T>hin</isoLngCode3T>
		<isoLngCode3B>hin</isoLngCode3B>
	</data>
	<data>
		<isoLngName>Hiri motu</isoLngName>
		<isoLngCode>ho</isoLngCode>
		<isoLngCode3>hmo</isoLngCode3>
		<isoLngCode3T>hmo</isoLngCode3T>
		<isoLngCode3B>hmo</isoLngCode3B>
	</data>
	<data>
		<isoLngName>Croatian</isoLngName>
		<isoLngCode>hr</isoLngCode>
		<isoLngCode3>hrv</isoLngCode3>
		<isoLngCode3T>hrv</isoLngCode3T>
		<isoLngCode3B>hrv</isoLngCode3B>
	</data>
	<data>
		<isoLngName>Haitian, haitian creole</isoLngName>
		<isoLngCode>ht</isoLngCode>
		<isoLngCode3>hat</isoLngCode3>
		<isoLngCode3T>hat</isoLngCode3T>
		<isoLngCode3B>hat</isoLngCode3B>
	</data>
	<data>
		<isoLngName>Hungarian</isoLngName>
		<isoLngCode>hu</isoLngCode>
		<isoLngCode3>hun</isoLngCode3>
		<isoLngCode3T>hun</isoLngCode3T>
		<isoLngCode3B>hun</isoLngCode3B>
	</data>
	<data>
		<isoLngName>Armenian</isoLngName>
		<isoLngCode>hy</isoLngCode>
		<isoLngCode3>hye</isoLngCode3>
		<isoLngCode3T>hye</isoLngCode3T>
		<isoLngCode3B>arm</isoLngCode3B>
	</data>
	<data>
		<isoLngName>Herero</isoLngName>
		<isoLngCode>hz</isoLngCode>
		<isoLngCode3>her</isoLngCode3>
		<isoLngCode3T>her</isoLngCode3T>
		<isoLngCode3B>her</isoLngCode3B>
	</data>
	<data>
		<isoLngName>Interlingua (international auxiliary language association)</isoLngName>
		<isoLngCode>ia</isoLngCode>
		<isoLngCode3>ina</isoLngCode3>
		<isoLngCode3T>ina</isoLngCode3T>
		<isoLngCode3B>ina</isoLngCode3B>
	</data>
	<data>
		<isoLngName>Indonesian</isoLngName>
		<isoLngCode>id</isoLngCode>
		<isoLngCode3>ind</isoLngCode3>
		<isoLngCode3T>ind</isoLngCode3T>
		<isoLngCode3B>ind</isoLngCode3B>
	</data>
	<data>
		<isoLngName>Interlingue, occidental</isoLngName>
		<isoLngCode>ie</isoLngCode>
		<isoLngCode3>ile</isoLngCode3>
		<isoLngCode3T>ile</isoLngCode3T>
		<isoLngCode3B>ile</isoLngCode3B>
	</data>
	<data>
		<isoLngName>Igbo</isoLngName>
		<isoLngCode>ig</isoLngCode>
		<isoLngCode3>ibo</isoLngCode3>
		<isoLngCode3T>ibo</isoLngCode3T>
		<isoLngCode3B>ibo</isoLngCode3B>
	</data>
	<data>
		<isoLngName>Sichuan yi, nuosu</isoLngName>
		<isoLngCode>ii</isoLngCode>
		<isoLngCode3>iii</isoLngCode3>
		<isoLngCode3T>iii</isoLngCode3T>
		<isoLngCode3B>iii</isoLngCode3B>
	</data>
	<data>
		<isoLngName>Inupiaq</isoLngName>
		<isoLngCode>ik</isoLngCode>
		<isoLngCode3>ipk</isoLngCode3>
		<isoLngCode3T>ipk</isoLngCode3T>
		<isoLngCode3B>ipk</isoLngCode3B>
	</data>
	<data>
		<isoLngName>Ido</isoLngName>
		<isoLngCode>io</isoLngCode>
		<isoLngCode3>ido</isoLngCode3>
		<isoLngCode3T>ido</isoLngCode3T>
		<isoLngCode3B>ido</isoLngCode3B>
	</data>
	<data>
		<isoLngName>Icelandic</isoLngName>
		<isoLngCode>is</isoLngCode>
		<isoLngCode3>isl</isoLngCode3>
		<isoLngCode3T>isl</isoLngCode3T>
		<isoLngCode3B>ice</isoLngCode3B>
	</data>
	<data>
		<isoLngName>Italian</isoLngName>
		<isoLngCode>it</isoLngCode>
		<isoLngCode3>ita</isoLngCode3>
		<isoLngCode3T>ita</isoLngCode3T>
		<isoLngCode3B>ita</isoLngCode3B>
	</data>
	<data>
		<isoLngName>Inuktitut</isoLngName>
		<isoLngCode>iu</isoLngCode>
		<isoLngCode3>iku</isoLngCode3>
		<isoLngCode3T>iku</isoLngCode3T>
		<isoLngCode3B>iku</isoLngCode3B>
	</data>
	<data>
		<isoLngName>Japanese</isoLngName>
		<isoLngCode>ja</isoLngCode>
		<isoLngCode3>jpn</isoLngCode3>
		<isoLngCode3T>jpn</isoLngCode3T>
		<isoLngCode3B>jpn</isoLngCode3B>
	</data>
	<data>
		<isoLngName>Javanese</isoLngName>
		<isoLngCode>jv</isoLngCode>
		<isoLngCode3>jav</isoLngCode3>
		<isoLngCode3T>jav</isoLngCode3T>
		<isoLngCode3B>jav</isoLngCode3B>
	</data>
	<data>
		<isoLngName>Georgian</isoLngName>
		<isoLngCode>ka</isoLngCode>
		<isoLngCode3>kat</isoLngCode3>
		<isoLngCode3T>kat</isoLngCode3T>
		<isoLngCode3B>geo</isoLngCode3B>
	</data>
	<data>
		<isoLngName>Kongo</isoLngName>
		<isoLngCode>kg</isoLngCode>
		<isoLngCode3>kon</isoLngCode3>
		<isoLngCode3T>kon</isoLngCode3T>
		<isoLngCode3B>kon</isoLngCode3B>
	</data>
	<data>
		<isoLngName>Kikuyu, gikuyu</isoLngName>
		<isoLngCode>ki</isoLngCode>
		<isoLngCode3>kik</isoLngCode3>
		<isoLngCode3T>kik</isoLngCode3T>
		<isoLngCode3B>kik</isoLngCode3B>
	</data>
	<data>
		<isoLngName>Kuanyama, kwanyama</isoLngName>
		<isoLngCode>kj</isoLngCode>
		<isoLngCode3>kua</isoLngCode3>
		<isoLngCode3T>kua</isoLngCode3T>
		<isoLngCode3B>kua</isoLngCode3B>
	</data>
	<data>
		<isoLngName>Kazakh</isoLngName>
		<isoLngCode>kk</isoLngCode>
		<isoLngCode3>kaz</isoLngCode3>
		<isoLngCode3T>kaz</isoLngCode3T>
		<isoLngCode3B>kaz</isoLngCode3B>
	</data>
	<data>
		<isoLngName>Kalaallisut, greenlandic</isoLngName>
		<isoLngCode>kl</isoLngCode>
		<isoLngCode3>kal</isoLngCode3>
		<isoLngCode3T>kal</isoLngCode3T>
		<isoLngCode3B>kal</isoLngCode3B>
	</data>
	<data>
		<isoLngName>Central khmer</isoLngName>
		<isoLngCode>km</isoLngCode>
		<isoLngCode3>khm</isoLngCode3>
		<isoLngCode3T>khm</isoLngCode3T>
		<isoLngCode3B>khm</isoLngCode3B>
	</data>
	<data>
		<isoLngName>Kannada</isoLngName>
		<isoLngCode>kn</isoLngCode>
		<isoLngCode3>kan</isoLngCode3>
		<isoLngCode3T>kan</isoLngCode3T>
		<isoLngCode3B>kan</isoLngCode3B>
	</data>
	<data>
		<isoLngName>Korean</isoLngName>
		<isoLngCode>ko</isoLngCode>
		<isoLngCode3>kor</isoLngCode3>
		<isoLngCode3T>kor</isoLngCode3T>
		<isoLngCode3B>kor</isoLngCode3B>
	</data>
	<data>
		<isoLngName>Kanuri</isoLngName>
		<isoLngCode>kr</isoLngCode>
		<isoLngCode3>kau</isoLngCode3>
		<isoLngCode3T>kau</isoLngCode3T>
		<isoLngCode3B>kau</isoLngCode3B>
	</data>
	<data>
		<isoLngName>Kashmiri</isoLngName>
		<isoLngCode>ks</isoLngCode>
		<isoLngCode3>kas</isoLngCode3>
		<isoLngCode3T>kas</isoLngCode3T>
		<isoLngCode3B>kas</isoLngCode3B>
	</data>
	<data>
		<isoLngName>Kurdish</isoLngName>
		<isoLngCode>ku</isoLngCode>
		<isoLngCode3>kur</isoLngCode3>
		<isoLngCode3T>kur</isoLngCode3T>
		<isoLngCode3B>kur</isoLngCode3B>
	</data>
	<data>
		<isoLngName>Komi</isoLngName>
		<isoLngCode>kv</isoLngCode>
		<isoLngCode3>kom</isoLngCode3>
		<isoLngCode3T>kom</isoLngCode3T>
		<isoLngCode3B>kom</isoLngCode3B>
	</data>
	<data>
		<isoLngName>Cornish</isoLngName>
		<isoLngCode>kw</isoLngCode>
		<isoLngCode3>cor</isoLngCode3>
		<isoLngCode3T>cor</isoLngCode3T>
		<isoLngCode3B>cor</isoLngCode3B>
	</data>
	<data>
		<isoLngName>Kirghiz, kyrgyz</isoLngName>
		<isoLngCode>ky</isoLngCode>
		<isoLngCode3>kir</isoLngCode3>
		<isoLngCode3T>kir</isoLngCode3T>
		<isoLngCode3B>kir</isoLngCode3B>
	</data>
	<data>
		<isoLngName>Latin</isoLngName>
		<isoLngCode>la</isoLngCode>
		<isoLngCode3>lat</isoLngCode3>
		<isoLngCode3T>lat</isoLngCode3T>
		<isoLngCode3B>lat</isoLngCode3B>
	</data>
	<data>
		<isoLngName>Luxembourgish, letzeburgesch</isoLngName>
		<isoLngCode>lb</isoLngCode>
		<isoLngCode3>ltz</isoLngCode3>
		<isoLngCode3T>ltz</isoLngCode3T>
		<isoLngCode3B>ltz</isoLngCode3B>
	</data>
	<data>
		<isoLngName>Ganda</isoLngName>
		<isoLngCode>lg</isoLngCode>
		<isoLngCode3>lug</isoLngCode3>
		<isoLngCode3T>lug</isoLngCode3T>
		<isoLngCode3B>lug</isoLngCode3B>
	</data>
	<data>
		<isoLngName>Limburgan, limburger, limburgish</isoLngName>
		<isoLngCode>li</isoLngCode>
		<isoLngCode3>lim</isoLngCode3>
		<isoLngCode3T>lim</isoLngCode3T>
		<isoLngCode3B>lim</isoLngCode3B>
	</data>
	<data>
		<isoLngName>Lingala</isoLngName>
		<isoLngCode>ln</isoLngCode>
		<isoLngCode3>lin</isoLngCode3>
		<isoLngCode3T>lin</isoLngCode3T>
		<isoLngCode3B>lin</isoLngCode3B>
	</data>
	<data>
		<isoLngName>Lao</isoLngName>
		<isoLngCode>lo</isoLngCode>
		<isoLngCode3>lao</isoLngCode3>
		<isoLngCode3T>lao</isoLngCode3T>
		<isoLngCode3B>lao</isoLngCode3B>
	</data>
	<data>
		<isoLngName>Lithuanian</isoLngName>
		<isoLngCode>lt</isoLngCode>
		<isoLngCode3>lit</isoLngCode3>
		<isoLngCode3T>lit</isoLngCode3T>
		<isoLngCode3B>lit</isoLngCode3B>
	</data>
	<data>
		<isoLngName>Luba-katanga</isoLngName>
		<isoLngCode>lu</isoLngCode>
		<isoLngCode3>lub</isoLngCode3>
		<isoLngCode3T>lub</isoLngCode3T>
		<isoLngCode3B>lub</isoLngCode3B>
	</data>
	<data>
		<isoLngName>Latvian</isoLngName>
		<isoLngCode>lv</isoLngCode>
		<isoLngCode3>lav</isoLngCode3>
		<isoLngCode3T>lav</isoLngCode3T>
		<isoLngCode3B>lav</isoLngCode3B>
	</data>
	<data>
		<isoLngName>Malagasy</isoLngName>
		<isoLngCode>mg</isoLngCode>
		<isoLngCode3>mlg</isoLngCode3>
		<isoLngCode3T>mlg</isoLngCode3T>
		<isoLngCode3B>mlg</isoLngCode3B>
	</data>
	<data>
		<isoLngName>Marshallese</isoLngName>
		<isoLngCode>mh</isoLngCode>
		<isoLngCode3>mah</isoLngCode3>
		<isoLngCode3T>mah</isoLngCode3T>
		<isoLngCode3B>mah</isoLngCode3B>
	</data>
	<data>
		<isoLngName>Maori</isoLngName>
		<isoLngCode>mi</isoLngCode>
		<isoLngCode3>mri</isoLngCode3>
		<isoLngCode3T>mri</isoLngCode3T>
		<isoLngCode3B>mao</isoLngCode3B>
	</data>
	<data>
		<isoLngName>Macedonian</isoLngName>
		<isoLngCode>mk</isoLngCode>
		<isoLngCode3>mkd</isoLngCode3>
		<isoLngCode3T>mkd</isoLngCode3T>
		<isoLngCode3B>mac</isoLngCode3B>
	</data>
	<data>
		<isoLngName>Malayalam</isoLngName>
		<isoLngCode>ml</isoLngCode>
		<isoLngCode3>mal</isoLngCode3>
		<isoLngCode3T>mal</isoLngCode3T>
		<isoLngCode3B>mal</isoLngCode3B>
	</data>
	<data>
		<isoLngName>Mongolian</isoLngName>
		<isoLngCode>mn</isoLngCode>
		<isoLngCode3>mon</isoLngCode3>
		<isoLngCode3T>mon</isoLngCode3T>
		<isoLngCode3B>mon</isoLngCode3B>
	</data>
	<data>
		<isoLngName>Marathi</isoLngName>
		<isoLngCode>mr</isoLngCode>
		<isoLngCode3>mar</isoLngCode3>
		<isoLngCode3T>mar</isoLngCode3T>
		<isoLngCode3B>mar</isoLngCode3B>
	</data>
	<data>
		<isoLngName>Malay</isoLngName>
		<isoLngCode>ms</isoLngCode>
		<isoLngCode3>msa</isoLngCode3>
		<isoLngCode3T>msa</isoLngCode3T>
		<isoLngCode3B>may</isoLngCode3B>
	</data>
	<data>
		<isoLngName>Maltese</isoLngName>
		<isoLngCode>mt</isoLngCode>
		<isoLngCode3>mlt</isoLngCode3>
		<isoLngCode3T>mlt</isoLngCode3T>
		<isoLngCode3B>mlt</isoLngCode3B>
	</data>
	<data>
		<isoLngName>Burmese</isoLngName>
		<isoLngCode>my</isoLngCode>
		<isoLngCode3>mya</isoLngCode3>
		<isoLngCode3T>mya</isoLngCode3T>
		<isoLngCode3B>bur</isoLngCode3B>
	</data>
	<data>
		<isoLngName>Nauru</isoLngName>
		<isoLngCode>na</isoLngCode>
		<isoLngCode3>nau</isoLngCode3>
		<isoLngCode3T>nau</isoLngCode3T>
		<isoLngCode3B>nau</isoLngCode3B>
	</data>
	<data>
		<isoLngName>Norwegian bokmål</isoLngName>
		<isoLngCode>nb</isoLngCode>
		<isoLngCode3>nob</isoLngCode3>
		<isoLngCode3T>nob</isoLngCode3T>
		<isoLngCode3B>nob</isoLngCode3B>
	</data>
	<data>
		<isoLngName>North ndebele</isoLngName>
		<isoLngCode>nd</isoLngCode>
		<isoLngCode3>nde</isoLngCode3>
		<isoLngCode3T>nde</isoLngCode3T>
		<isoLngCode3B>nde</isoLngCode3B>
	</data>
	<data>
		<isoLngName>Nepali</isoLngName>
		<isoLngCode>ne</isoLngCode>
		<isoLngCode3>nep</isoLngCode3>
		<isoLngCode3T>nep</isoLngCode3T>
		<isoLngCode3B>nep</isoLngCode3B>
	</data>
	<data>
		<isoLngName>Ndonga</isoLngName>
		<isoLngCode>ng</isoLngCode>
		<isoLngCode3>ndo</isoLngCode3>
		<isoLngCode3T>ndo</isoLngCode3T>
		<isoLngCode3B>ndo</isoLngCode3B>
	</data>
	<data>
		<isoLngName>Dutch, flemish</isoLngName>
		<isoLngCode>nl</isoLngCode>
		<isoLngCode3>nld</isoLngCode3>
		<isoLngCode3T>nld</isoLngCode3T>
		<isoLngCode3B>dut</isoLngCode3B>
	</data>
	<data>
		<isoLngName>Norwegian nynorsk</isoLngName>
		<isoLngCode>nn</isoLngCode>
		<isoLngCode3>nno</isoLngCode3>
		<isoLngCode3T>nno</isoLngCode3T>
		<isoLngCode3B>nno</isoLngCode3B>
	</data>
	<data>
		<isoLngName>Norwegian</isoLngName>
		<isoLngCode>no</isoLngCode>
		<isoLngCode3>nor</isoLngCode3>
		<isoLngCode3T>nor</isoLngCode3T>
		<isoLngCode3B>nor</isoLngCode3B>
	</data>
	<data>
		<isoLngName>South ndebele</isoLngName>
		<isoLngCode>nr</isoLngCode>
		<isoLngCode3>nbl</isoLngCode3>
		<isoLngCode3T>nbl</isoLngCode3T>
		<isoLngCode3B>nbl</isoLngCode3B>
	</data>
	<data>
		<isoLngName>Navajo, navaho</isoLngName>
		<isoLngCode>nv</isoLngCode>
		<isoLngCode3>nav</isoLngCode3>
		<isoLngCode3T>nav</isoLngCode3T>
		<isoLngCode3B>nav</isoLngCode3B>
	</data>
	<data>
		<isoLngName>Chichewa, chewa, nyanja</isoLngName>
		<isoLngCode>ny</isoLngCode>
		<isoLngCode3>nya</isoLngCode3>
		<isoLngCode3T>nya</isoLngCode3T>
		<isoLngCode3B>nya</isoLngCode3B>
	</data>
	<data>
		<isoLngName>Occitan</isoLngName>
		<isoLngCode>oc</isoLngCode>
		<isoLngCode3>oci</isoLngCode3>
		<isoLngCode3T>oci</isoLngCode3T>
		<isoLngCode3B>oci</isoLngCode3B>
	</data>
	<data>
		<isoLngName>Ojibwa</isoLngName>
		<isoLngCode>oj</isoLngCode>
		<isoLngCode3>oji</isoLngCode3>
		<isoLngCode3T>oji</isoLngCode3T>
		<isoLngCode3B>oji</isoLngCode3B>
	</data>
	<data>
		<isoLngName>Oromo</isoLngName>
		<isoLngCode>om</isoLngCode>
		<isoLngCode3>orm</isoLngCode3>
		<isoLngCode3T>orm</isoLngCode3T>
		<isoLngCode3B>orm</isoLngCode3B>
	</data>
	<data>
		<isoLngName>Oriya</isoLngName>
		<isoLngCode>or</isoLngCode>
		<isoLngCode3>ori</isoLngCode3>
		<isoLngCode3T>ori</isoLngCode3T>
		<isoLngCode3B>ori</isoLngCode3B>
	</data>
	<data>
		<isoLngName>Ossetian, ossetic</isoLngName>
		<isoLngCode>os</isoLngCode>
		<isoLngCode3>oss</isoLngCode3>
		<isoLngCode3T>oss</isoLngCode3T>
		<isoLngCode3B>oss</isoLngCode3B>
	</data>
	<data>
		<isoLngName>Punjabi, panjabi</isoLngName>
		<isoLngCode>pa</isoLngCode>
		<isoLngCode3>pan</isoLngCode3>
		<isoLngCode3T>pan</isoLngCode3T>
		<isoLngCode3B>pan</isoLngCode3B>
	</data>
	<data>
		<isoLngName>Pali</isoLngName>
		<isoLngCode>pi</isoLngCode>
		<isoLngCode3>pli</isoLngCode3>
		<isoLngCode3T>pli</isoLngCode3T>
		<isoLngCode3B>pli</isoLngCode3B>
	</data>
	<data>
		<isoLngName>Polish</isoLngName>
		<isoLngCode>pl</isoLngCode>
		<isoLngCode3>pol</isoLngCode3>
		<isoLngCode3T>pol</isoLngCode3T>
		<isoLngCode3B>pol</isoLngCode3B>
	</data>
	<data>
		<isoLngName>Pashto, pushto</isoLngName>
		<isoLngCode>ps</isoLngCode>
		<isoLngCode3>pus</isoLngCode3>
		<isoLngCode3T>pus</isoLngCode3T>
		<isoLngCode3B>pus</isoLngCode3B>
	</data>
	<data>
		<isoLngName>Portuguese</isoLngName>
		<isoLngCode>pt</isoLngCode>
		<isoLngCode3>por</isoLngCode3>
		<isoLngCode3T>por</isoLngCode3T>
		<isoLngCode3B>por</isoLngCode3B>
	</data>
	<data>
		<isoLngName>Quechua</isoLngName>
		<isoLngCode>qu</isoLngCode>
		<isoLngCode3>que</isoLngCode3>
		<isoLngCode3T>que</isoLngCode3T>
		<isoLngCode3B>que</isoLngCode3B>
	</data>
	<data>
		<isoLngName>Romansh</isoLngName>
		<isoLngCode>rm</isoLngCode>
		<isoLngCode3>roh</isoLngCode3>
		<isoLngCode3T>roh</isoLngCode3T>
		<isoLngCode3B>roh</isoLngCode3B>
	</data>
	<data>
		<isoLngName>Rundi</isoLngName>
		<isoLngCode>rn</isoLngCode>
		<isoLngCode3>run</isoLngCode3>
		<isoLngCode3T>run</isoLngCode3T>
		<isoLngCode3B>run</isoLngCode3B>
	</data>
	<data>
		<isoLngName>Romanian, moldavian, moldovan</isoLngName>
		<isoLngCode>ro</isoLngCode>
		<isoLngCode3>ron</isoLngCode3>
		<isoLngCode3T>ron</isoLngCode3T>
		<isoLngCode3B>rum</isoLngCode3B>
	</data>
	<data>
		<isoLngName>Russian</isoLngName>
		<isoLngCode>ru</isoLngCode>
		<isoLngCode3>rus</isoLngCode3>
		<isoLngCode3T>rus</isoLngCode3T>
		<isoLngCode3B>rus</isoLngCode3B>
	</data>
	<data>
		<isoLngName>Kinyarwanda</isoLngName>
		<isoLngCode>rw</isoLngCode>
		<isoLngCode3>kin</isoLngCode3>
		<isoLngCode3T>kin</isoLngCode3T>
		<isoLngCode3B>kin</isoLngCode3B>
	</data>
	<data>
		<isoLngName>Sanskrit</isoLngName>
		<isoLngCode>sa</isoLngCode>
		<isoLngCode3>san</isoLngCode3>
		<isoLngCode3T>san</isoLngCode3T>
		<isoLngCode3B>san</isoLngCode3B>
	</data>
	<data>
		<isoLngName>Sardinian</isoLngName>
		<isoLngCode>sc</isoLngCode>
		<isoLngCode3>srd</isoLngCode3>
		<isoLngCode3T>srd</isoLngCode3T>
		<isoLngCode3B>srd</isoLngCode3B>
	</data>
	<data>
		<isoLngName>Sindhi</isoLngName>
		<isoLngCode>sd</isoLngCode>
		<isoLngCode3>snd</isoLngCode3>
		<isoLngCode3T>snd</isoLngCode3T>
		<isoLngCode3B>snd</isoLngCode3B>
	</data>
	<data>
		<isoLngName>Northern sami</isoLngName>
		<isoLngCode>se</isoLngCode>
		<isoLngCode3>sme</isoLngCode3>
		<isoLngCode3T>sme</isoLngCode3T>
		<isoLngCode3B>sme</isoLngCode3B>
	</data>
	<data>
		<isoLngName>Sango</isoLngName>
		<isoLngCode>sg</isoLngCode>
		<isoLngCode3>sag</isoLngCode3>
		<isoLngCode3T>sag</isoLngCode3T>
		<isoLngCode3B>sag</isoLngCode3B>
	</data>
	<data>
		<isoLngName>Sinhala, sinhalese</isoLngName>
		<isoLngCode>si</isoLngCode>
		<isoLngCode3>sin</isoLngCode3>
		<isoLngCode3T>sin</isoLngCode3T>
		<isoLngCode3B>sin</isoLngCode3B>
	</data>
	<data>
		<isoLngName>Slovak</isoLngName>
		<isoLngCode>sk</isoLngCode>
		<isoLngCode3>slk</isoLngCode3>
		<isoLngCode3T>slk</isoLngCode3T>
		<isoLngCode3B>slo</isoLngCode3B>
	</data>
	<data>
		<isoLngName>Slovenian</isoLngName>
		<isoLngCode>sl</isoLngCode>
		<isoLngCode3>slv</isoLngCode3>
		<isoLngCode3T>slv</isoLngCode3T>
		<isoLngCode3B>slv</isoLngCode3B>
	</data>
	<data>
		<isoLngName>Samoan</isoLngName>
		<isoLngCode>sm</isoLngCode>
		<isoLngCode3>smo</isoLngCode3>
		<isoLngCode3T>smo</isoLngCode3T>
		<isoLngCode3B>smo</isoLngCode3B>
	</data>
	<data>
		<isoLngName>Shona</isoLngName>
		<isoLngCode>sn</isoLngCode>
		<isoLngCode3>sna</isoLngCode3>
		<isoLngCode3T>sna</isoLngCode3T>
		<isoLngCode3B>sna</isoLngCode3B>
	</data>
	<data>
		<isoLngName>Somali</isoLngName>
		<isoLngCode>so</isoLngCode>
		<isoLngCode3>som</isoLngCode3>
		<isoLngCode3T>som</isoLngCode3T>
		<isoLngCode3B>som</isoLngCode3B>
	</data>
	<data>
		<isoLngName>Albanian</isoLngName>
		<isoLngCode>sq</isoLngCode>
		<isoLngCode3>sqi</isoLngCode3>
		<isoLngCode3T>sqi</isoLngCode3T>
		<isoLngCode3B>alb</isoLngCode3B>
	</data>
	<data>
		<isoLngName>Serbian</isoLngName>
		<isoLngCode>sr</isoLngCode>
		<isoLngCode3>srp</isoLngCode3>
		<isoLngCode3T>srp</isoLngCode3T>
		<isoLngCode3B>srp</isoLngCode3B>
	</data>
	<data>
		<isoLngName>Swati</isoLngName>
		<isoLngCode>ss</isoLngCode>
		<isoLngCode3>ssw</isoLngCode3>
		<isoLngCode3T>ssw</isoLngCode3T>
		<isoLngCode3B>ssw</isoLngCode3B>
	</data>
	<data>
		<isoLngName>Southern sotho</isoLngName>
		<isoLngCode>st</isoLngCode>
		<isoLngCode3>sot</isoLngCode3>
		<isoLngCode3T>sot</isoLngCode3T>
		<isoLngCode3B>sot</isoLngCode3B>
	</data>
	<data>
		<isoLngName>Sundanese</isoLngName>
		<isoLngCode>su</isoLngCode>
		<isoLngCode3>sun</isoLngCode3>
		<isoLngCode3T>sun</isoLngCode3T>
		<isoLngCode3B>sun</isoLngCode3B>
	</data>
	<data>
		<isoLngName>Swedish</isoLngName>
		<isoLngCode>sv</isoLngCode>
		<isoLngCode3>swe</isoLngCode3>
		<isoLngCode3T>swe</isoLngCode3T>
		<isoLngCode3B>swe</isoLngCode3B>
	</data>
	<data>
		<isoLngName>Swahili</isoLngName>
		<isoLngCode>sw</isoLngCode>
		<isoLngCode3>swa</isoLngCode3>
		<isoLngCode3T>swa</isoLngCode3T>
		<isoLngCode3B>swa</isoLngCode3B>
	</data>
	<data>
		<isoLngName>Tamil</isoLngName>
		<isoLngCode>ta</isoLngCode>
		<isoLngCode3>tam</isoLngCode3>
		<isoLngCode3T>tam</isoLngCode3T>
		<isoLngCode3B>tam</isoLngCode3B>
	</data>
	<data>
		<isoLngName>Telugu</isoLngName>
		<isoLngCode>te</isoLngCode>
		<isoLngCode3>tel</isoLngCode3>
		<isoLngCode3T>tel</isoLngCode3T>
		<isoLngCode3B>tel</isoLngCode3B>
	</data>
	<data>
		<isoLngName>Tajik</isoLngName>
		<isoLngCode>tg</isoLngCode>
		<isoLngCode3>tgk</isoLngCode3>
		<isoLngCode3T>tgk</isoLngCode3T>
		<isoLngCode3B>tgk</isoLngCode3B>
	</data>
	<data>
		<isoLngName>Thai</isoLngName>
		<isoLngCode>th</isoLngCode>
		<isoLngCode3>tha</isoLngCode3>
		<isoLngCode3T>tha</isoLngCode3T>
		<isoLngCode3B>tha</isoLngCode3B>
	</data>
	<data>
		<isoLngName>Tigrinya</isoLngName>
		<isoLngCode>ti</isoLngCode>
		<isoLngCode3>tir</isoLngCode3>
		<isoLngCode3T>tir</isoLngCode3T>
		<isoLngCode3B>tir</isoLngCode3B>
	</data>
	<data>
		<isoLngName>Turkmen</isoLngName>
		<isoLngCode>tk</isoLngCode>
		<isoLngCode3>tuk</isoLngCode3>
		<isoLngCode3T>tuk</isoLngCode3T>
		<isoLngCode3B>tuk</isoLngCode3B>
	</data>
	<data>
		<isoLngName>Tagalog</isoLngName>
		<isoLngCode>tl</isoLngCode>
		<isoLngCode3>tgl</isoLngCode3>
		<isoLngCode3T>tgl</isoLngCode3T>
		<isoLngCode3B>tgl</isoLngCode3B>
	</data>
	<data>
		<isoLngName>Tswana</isoLngName>
		<isoLngCode>tn</isoLngCode>
		<isoLngCode3>tsn</isoLngCode3>
		<isoLngCode3T>tsn</isoLngCode3T>
		<isoLngCode3B>tsn</isoLngCode3B>
	</data>
	<data>
		<isoLngName>Tonga (tonga islands)</isoLngName>
		<isoLngCode>to</isoLngCode>
		<isoLngCode3>ton</isoLngCode3>
		<isoLngCode3T>ton</isoLngCode3T>
		<isoLngCode3B>ton</isoLngCode3B>
	</data>
	<data>
		<isoLngName>Turkish</isoLngName>
		<isoLngCode>tr</isoLngCode>
		<isoLngCode3>tur</isoLngCode3>
		<isoLngCode3T>tur</isoLngCode3T>
		<isoLngCode3B>tur</isoLngCode3B>
	</data>
	<data>
		<isoLngName>Tsonga</isoLngName>
		<isoLngCode>ts</isoLngCode>
		<isoLngCode3>tso</isoLngCode3>
		<isoLngCode3T>tso</isoLngCode3T>
		<isoLngCode3B>tso</isoLngCode3B>
	</data>
	<data>
		<isoLngName>Tatar</isoLngName>
		<isoLngCode>tt</isoLngCode>
		<isoLngCode3>tat</isoLngCode3>
		<isoLngCode3T>tat</isoLngCode3T>
		<isoLngCode3B>tat</isoLngCode3B>
	</data>
	<data>
		<isoLngName>Twi</isoLngName>
		<isoLngCode>tw</isoLngCode>
		<isoLngCode3>twi</isoLngCode3>
		<isoLngCode3T>twi</isoLngCode3T>
		<isoLngCode3B>twi</isoLngCode3B>
	</data>
	<data>
		<isoLngName>Tahitian</isoLngName>
		<isoLngCode>ty</isoLngCode>
		<isoLngCode3>tah</isoLngCode3>
		<isoLngCode3T>tah</isoLngCode3T>
		<isoLngCode3B>tah</isoLngCode3B>
	</data>
	<data>
		<isoLngName>Uighur, uyghur</isoLngName>
		<isoLngCode>ug</isoLngCode>
		<isoLngCode3>uig</isoLngCode3>
		<isoLngCode3T>uig</isoLngCode3T>
		<isoLngCode3B>uig</isoLngCode3B>
	</data>
	<data>
		<isoLngName>Ukrainian</isoLngName>
		<isoLngCode>uk</isoLngCode>
		<isoLngCode3>ukr</isoLngCode3>
		<isoLngCode3T>ukr</isoLngCode3T>
		<isoLngCode3B>ukr</isoLngCode3B>
	</data>
	<data>
		<isoLngName>Urdu</isoLngName>
		<isoLngCode>ur</isoLngCode>
		<isoLngCode3>urd</isoLngCode3>
		<isoLngCode3T>urd</isoLngCode3T>
		<isoLngCode3B>urd</isoLngCode3B>
	</data>
	<data>
		<isoLngName>Uzbek</isoLngName>
		<isoLngCode>uz</isoLngCode>
		<isoLngCode3>uzb</isoLngCode3>
		<isoLngCode3T>uzb</isoLngCode3T>
		<isoLngCode3B>uzb</isoLngCode3B>
	</data>
	<data>
		<isoLngName>Venda</isoLngName>
		<isoLngCode>ve</isoLngCode>
		<isoLngCode3>ven</isoLngCode3>
		<isoLngCode3T>ven</isoLngCode3T>
		<isoLngCode3B>ven</isoLngCode3B>
	</data>
	<data>
		<isoLngName>Vietnamese</isoLngName>
		<isoLngCode>vi</isoLngCode>
		<isoLngCode3>vie</isoLngCode3>
		<isoLngCode3T>vie</isoLngCode3T>
		<isoLngCode3B>vie</isoLngCode3B>
	</data>
	<data>
		<isoLngName>Volapük</isoLngName>
		<isoLngCode>vo</isoLngCode>
		<isoLngCode3>vol</isoLngCode3>
		<isoLngCode3T>vol</isoLngCode3T>
		<isoLngCode3B>vol</isoLngCode3B>
	</data>
	<data>
		<isoLngName>Walloon</isoLngName>
		<isoLngCode>wa</isoLngCode>
		<isoLngCode3>wln</isoLngCode3>
		<isoLngCode3T>wln</isoLngCode3T>
		<isoLngCode3B>wln</isoLngCode3B>
	</data>
	<data>
		<isoLngName>Wolof</isoLngName>
		<isoLngCode>wo</isoLngCode>
		<isoLngCode3>wol</isoLngCode3>
		<isoLngCode3T>wol</isoLngCode3T>
		<isoLngCode3B>wol</isoLngCode3B>
	</data>
	<data>
		<isoLngName>Xhosa</isoLngName>
		<isoLngCode>xh</isoLngCode>
		<isoLngCode3>xho</isoLngCode3>
		<isoLngCode3T>xho</isoLngCode3T>
		<isoLngCode3B>xho</isoLngCode3B>
	</data>
	<data>
		<isoLngName>Yiddish</isoLngName>
		<isoLngCode>yi</isoLngCode>
		<isoLngCode3>yid</isoLngCode3>
		<isoLngCode3T>yid</isoLngCode3T>
		<isoLngCode3B>yid</isoLngCode3B>
	</data>
	<data>
		<isoLngName>Yoruba</isoLngName>
		<isoLngCode>yo</isoLngCode>
		<isoLngCode3>yor</isoLngCode3>
		<isoLngCode3T>yor</isoLngCode3T>
		<isoLngCode3B>yor</isoLngCode3B>
	</data>
	<data>
		<isoLngName>Zhuang, chuang</isoLngName>
		<isoLngCode>za</isoLngCode>
		<isoLngCode3>zha</isoLngCode3>
		<isoLngCode3T>zha</isoLngCode3T>
		<isoLngCode3B>zha</isoLngCode3B>
	</data>
	<data>
		<isoLngName>Chinese</isoLngName>
		<isoLngCode>zh</isoLngCode>
		<isoLngCode3>zho</isoLngCode3>
		<isoLngCode3T>zho</isoLngCode3T>
		<isoLngCode3B>chi</isoLngCode3B>
	</data>
	<data>
		<isoLngName>Zulu</isoLngName>
		<isoLngCode>zu</isoLngCode>
		<isoLngCode3>zul</isoLngCode3>
		<isoLngCode3T>zul</isoLngCode3T>
		<isoLngCode3B>zul</isoLngCode3B>
	</data>
</object>
</simplicite>
